Fashion Wanita,Pakaian Wanita,Dress
Fashion Wanita,Pakaian Wanita,Jaket
Fashion Wanita,Pakaian Wanita,Kaos
Fashion Wanita,Pakaian Wanita,Blus
Fashion Wanita,Pakaian Wanita,Sweater & Cardigan
Fashion Wanita,Pakaian Wanita,Tanktop
Fashion Wanita,Pakaian Wanita,Batik Atasan
Fashion Wanita,Bawahan Wanita,Jeans Wanita
Fashion Wanita,Bawahan Wanita,Celana Panjang Wanita
Fashion Wanita,Bawahan Wanita,Celana Pendek Wanita
Fashion Wanita,Bawahan Wanita,Rok
Fashion Wanita,Bawahan Wanita,Leggings
Fashion Wanita,Bawahan Wanita,Joggers
Fashion Wanita,Tas & Dompet,Tas Slempang
Fashion Wanita,Tas & Dompet,Tas Jinjing
Fashion Wanita,Tas & Dompet,Tas Ransel
Fashion Wanita,Tas & Dompet,Tote Bag
Fashion Wanita,Tas & Dompet,Dompet
Fashion Wanita,Tas & Dompet,Koper
Fashion Wanita,Tas & Dompet,Aksesories Travel
Fashion Wanita,Sepatu & Sandal,Sepatu Flat
Fashion Wanita,Sepatu & Sandal,Sepatu Slip on
Fashion Wanita,Sepatu & Sandal,Sepatu Heels
Fashion Wanita,Sepatu & Sandal,Wedges Wanita
Fashion Wanita,Sepatu & Sandal,Sneakers
Fashion Wanita,Sepatu & Sandal,Sandal Wanita
Fashion Wanita,Pakaian Dalam & Pakaian Tidur,Bra
Fashion Wanita,Pakaian Dalam & Pakaian Tidur,Celana Dalam
Fashion Wanita,Pakaian Dalam & Pakaian Tidur,Baju Tidur
Fashion Wanita,Pakaian Dalam & Pakaian Tidur,Lingerie
Fashion Wanita,Pakaian Dalam & Pakaian Tidur,Aksesoris
Fashion Wanita,Fashion Muslimah,Atasan Muslim Wanita
Fashion Wanita,Fashion Muslimah,Bawahan Muslim Wanita
Fashion Wanita,Fashion Muslimah,Aksesoris Muslim Wanita
Fashion Wanita,Fashion Muslimah,Baju Renang Muslimah
Fashion Wanita,Fashion Muslimah,Hijab
Fashion Wanita,Fashion Muslimah,Aksesoris Muslim Wanita
Fashion Wanita,Fashion Muslimah,Perlengkapan Sholat
Fashion Wanita,Aksesoris,Ikat Pinggang
Fashion Wanita,Aksesoris,Syal & Topi
Fashion Wanita,Aksesoris,Aksesoris Rambut
Fashion Wanita,Aksesoris,Perhiasan
Fashion Wanita,Aksesoris,Sarung Tangan
Fashion Wanita,Aksesoris,Kacamata & Lensa Kontak
Fashion Wanita,Aksesoris,Jam Tangan
Fashion Pria,Pakaian Pria,Kemeja Pria
Fashion Pria,Pakaian Pria,Kaos
Fashion Pria,Pakaian Pria,Polo Shirt
Fashion Pria,Pakaian Pria,Hoodie Pria
Fashion Pria,Pakaian Pria,Jaket
Fashion Pria,Pakaian Pria,Sweater & Cardigan
Fashion Pria,Pakaian Pria,Jas Pria
Fashion Pria,Bawahan Pria,Celana Jeans
Fashion Pria,Bawahan Pria,Celana Kargo
Fashion Pria,Bawahan Pria,Celana Chino
Fashion Pria,Bawahan Pria,Celana Jogger
Fashion Pria,Bawahan Pria,Celana Formal
Fashion Pria,Bawahan Pria,Celana Pendek
Fashion Pria,Tas & Dompet,Tas Slempang
Fashion Pria,Tas & Dompet,Tas Ransel
Fashion Pria,Tas & Dompet,Tas Pinggang
Fashion Pria,Tas & Dompet,Tas Messenger
Fashion Pria,Tas & Dompet,Dompet
Fashion Pria,Tas & Dompet,Koper
Fashion Pria,Sepatu & Sandal,Sepatu Formal
Fashion Pria,Sepatu & Sandal,Sepatu Sneakers
Fashion Pria,Sepatu & Sandal,Sepatu Boots
Fashion Pria,Sepatu & Sandal,Sendal Formal
Fashion Pria,Sepatu & Sandal,Sendal Slip on
Fashion Pria,Sepatu & Sandal,Sendal Gunung
Fashion Pria,Sepatu & Sandal,Kaos Kaki
Fashion Pria,Pakaian Dalam Pria,Celana Dalam
Fashion Pria,Pakaian Dalam Pria,Kaos Dalaman
Fashion Pria,Pakaian Dalam Pria,Boxer
Fashion Pria,Pakaian Dalam Pria,Pakaian Tidur
Fashion Pria,Fashion Muslim & Batik,Baju Koko
Fashion Pria,Fashion Muslim & Batik,Atasan Muslim Pria
Fashion Pria,Fashion Muslim & Batik,Batik Pria
Fashion Pria,Fashion Muslim & Batik,Perlengkapan Sholat
Fashion Pria,Aksesoris,Topi
Fashion Pria,Aksesoris,Ikat Pinggang
Fashion Pria,Aksesoris,Dasi
Fashion Pria,Aksesoris,Jas Hujan
Fashion Pria,Aksesoris,Jam Tangan Pria
Fashion Pria,Aksesoris,Kacamata
Fashion Pria,Aksesoris,perhiasan Pria
Keperluan Rumah Tangga & Gaya Hidup,Perlengkapan Dapur,Peralatan Masak
Keperluan Rumah Tangga & Gaya Hidup,Perlengkapan Dapur,Perangkat Makan
Keperluan Rumah Tangga & Gaya Hidup,Perlengkapan Dapur,Perangkat Minum
Keperluan Rumah Tangga & Gaya Hidup,Perlengkapan Dapur,Perangkat panggangan
Keperluan Rumah Tangga & Gaya Hidup,Perlengkapan Dapur,Perangkat Penyajian
Keperluan Rumah Tangga & Gaya Hidup,Perlengkapan Dapur,Pisau & Aksesoris
Keperluan Rumah Tangga & Gaya Hidup,Perlengkapan Dapur,Alat Dapur Lainnya
Keperluan Rumah Tangga & Gaya Hidup,Kamar Mandi,Handuk & Kimono Mandi
Keperluan Rumah Tangga & Gaya Hidup,Kamar Mandi,Gantungan Handuk & Timbangan
Keperluan Rumah Tangga & Gaya Hidup,Kamar Mandi,Perlengkapan mandi
Keperluan Rumah Tangga & Gaya Hidup,Kamar Mandi,Keset
Keperluan Rumah Tangga & Gaya Hidup,Perkakas & DIY,Box Penyimpanan & Rak
Keperluan Rumah Tangga & Gaya Hidup,Perkakas & DIY,Kabel & Perlengkapan Elektrik
Keperluan Rumah Tangga & Gaya Hidup,Perkakas & DIY,Perkakas
Keperluan Rumah Tangga & Gaya Hidup,Perkakas & DIY,Perkakas Listrik
Keperluan Rumah Tangga & Gaya Hidup,Perkakas & DIY,Pengecatan & Dekorasi
Keperluan Rumah Tangga & Gaya Hidup,Perkakas & DIY,Pipa Saluran & Kelengkapan
Keperluan Rumah Tangga & Gaya Hidup,Perkakas & DIY,"Tangga,Taman & Kebun"
Keperluan Rumah Tangga & Gaya Hidup,Dekorasi & Lampu,Bingkai & Cermin
Keperluan Rumah Tangga & Gaya Hidup,Dekorasi & Lampu,Bungan & Tanaman Hias
Keperluan Rumah Tangga & Gaya Hidup,Dekorasi & Lampu,Gorden & Karpet
Keperluan Rumah Tangga & Gaya Hidup,Dekorasi & Lampu,Jam Dinding & Jam Meja
Keperluan Rumah Tangga & Gaya Hidup,Dekorasi & Lampu,Stiker Dinding
Keperluan Rumah Tangga & Gaya Hidup,Dekorasi & Lampu,Lampu Interior
Keperluan Rumah Tangga & Gaya Hidup,Dekorasi & Lampu,Lampu Eksterior
Keperluan Rumah Tangga & Gaya Hidup,Kerajinan & Alat Tulis,Alat Jahit
Keperluan Rumah Tangga & Gaya Hidup,Kerajinan & Alat Tulis,Alat Kerajinan
Keperluan Rumah Tangga & Gaya Hidup,Kerajinan & Alat Tulis,Alat Kesenian
Keperluan Rumah Tangga & Gaya Hidup,Kerajinan & Alat Tulis,Alat Tulis & Perlengkapan
Keperluan Rumah Tangga & Gaya Hidup,Kerajinan & Alat Tulis,Perlengkapan Kantor
Keperluan Rumah Tangga & Gaya Hidup,Kerajinan & Alat Tulis,Kado & Bingkisan
Keperluan Rumah Tangga & Gaya Hidup,Perlengkapan Kebersihan,Gantungan Pakaian
Keperluan Rumah Tangga & Gaya Hidup,Perlengkapan Kebersihan,Keranjang Pakaian
Keperluan Rumah Tangga & Gaya Hidup,Perlengkapan Kebersihan,Jemuran Pakaian
Keperluan Rumah Tangga & Gaya Hidup,Perlengkapan Kebersihan,Meja Setrika
Keperluan Rumah Tangga & Gaya Hidup,Perlengkapan Kebersihan,Produk Kebersihan
Keperluan Rumah Tangga & Gaya Hidup,Perlengkapan Kebersihan,Sapu & Alat Pel
Keperluan Rumah Tangga & Gaya Hidup,Perlengkapan Kebersihan,Sikat Pembersih & Tempat Sampah
Keperluan Rumah Tangga & Gaya Hidup,Kamar Tidur,Kasur & Set
Keperluan Rumah Tangga & Gaya Hidup,Kamar Tidur,Matras 
Keperluan Rumah Tangga & Gaya Hidup,Kamar Tidur,Bantal & Guling
Keperluan Rumah Tangga & Gaya Hidup,Kamar Tidur,Sprei & Selimut
Kesehatan & Kecantikan,Perawatan Kulit,Pelembab & Krim Kulit
Kesehatan & Kecantikan,Perawatan Kulit,Serum Kulit
Kesehatan & Kecantikan,Perawatan Kulit,Masker Wajah
Kesehatan & Kecantikan,Perawatan Kulit,Sabun Pembersih Wajah
Kesehatan & Kecantikan,Perawatan Kulit,Pelembab Bibir
Kesehatan & Kecantikan,Perawatan Kulit,Krim Mata
Kesehatan & Kecantikan,Perawatan Kulit,Toner Kulit & Mist
Kesehatan & Kecantikan,Makeup,Lipstik & Liptint
Kesehatan & Kecantikan,Makeup,Makeup Wajah
Kesehatan & Kecantikan,Makeup,Makeup Mata
Kesehatan & Kecantikan,Makeup,Set Kuas Makeup
Kesehatan & Kecantikan,Makeup,Set Palet Makeup
Kesehatan & Kecantikan,Makeup,Penghapus Makeup
Kesehatan & Kecantikan,Makeup,Compact & Bedak
Kesehatan & Kecantikan,Suplement Makanan,Suplemen Kesehatan
Kesehatan & Kecantikan,Suplement Makanan,Suplemen Kecantikan
Kesehatan & Kecantikan,Suplement Makanan,Suplemen Olahraga
Kesehatan & Kecantikan,Suplement Makanan,Suplemen Pria
Kesehatan & Kecantikan,Suplement Makanan,Suplement Penambah Berat Badan
Kesehatan & Kecantikan,Suplement Makanan,Pelangsing & Diet
Kesehatan & Kecantikan,Suplement Makanan,Multivitamin
Kesehatan & Kecantikan,Perawatan Tubuh,Body Lotion & Butter
Kesehatan & Kecantikan,Perawatan Tubuh,Sabun Mandi
Kesehatan & Kecantikan,Perawatan Tubuh,Scrub Tubuh
Kesehatan & Kecantikan,Perawatan Tubuh,Minyak Tubuh & Pijat
Kesehatan & Kecantikan,Perawatan Tubuh,Perawatan Payudara
Kesehatan & Kecantikan,Perawatan Tubuh,Perawatan Tangan & Kaki
Kesehatan & Kecantikan,Perawatan Tubuh,Perawatan Rambut & Kepala
Kesehatan & Kecantikan,Perawatan Diri,Perawatan Mata
Kesehatan & Kecantikan,Perawatan Diri,Perawatan Mulut
Kesehatan & Kecantikan,Perawatan Diri,Proteksi Diri
Kesehatan & Kecantikan,Perawatan Diri,Deodorant
Kesehatan & Kecantikan,Perawatan Diri,Kesehatan Kewanitaan
Kesehatan & Kecantikan,Perawatan Diri,Kesehatan Seksual
Kesehatan & Kecantikan,Parfum,Parfum Wanita
Kesehatan & Kecantikan,Parfum,Parfum Pria
Kesehatan & Kecantikan,Parfum,Parfum Unisex
Kesehatan & Kecantikan,Parfum,Parfum Sholat
Kesehatan & Kecantikan,Alat Medis,Alat Tes Kesehatan
Kesehatan & Kecantikan,Alat Medis,Alat Penopang Cedera
Kesehatan & Kecantikan,Alat Medis,Aksesoris Kesehatan
Kesehatan & Kecantikan,Alat Medis,Salep & Krim Luka
Kesehatan & Kecantikan,Alat Medis,Alat Timbangan
Kesehatan & Kecantikan,Alat Medis,Alat p3k
Kesehatan & Kecantikan,Alat Medis,Alat Tes Medis
"Ibu, Bayi & Mainan",Makanan Bayi & Balita,Susu Bayi
"Ibu, Bayi & Mainan",Makanan Bayi & Balita,Susu Anak-anak
"Ibu, Bayi & Mainan",Makanan Bayi & Balita,Bubur Bayi
"Ibu, Bayi & Mainan",Makanan Bayi & Balita,Makanan Bayi
"Ibu, Bayi & Mainan",Makanan Bayi & Balita,Vitamin & Suplemen
"Ibu, Bayi & Mainan",Makanan Bayi & Balita,Perlengkapan Makan
"Ibu, Bayi & Mainan",Popok & Pispot,Popok sekali pakai
"Ibu, Bayi & Mainan",Popok & Pispot,popok kain
"Ibu, Bayi & Mainan",Popok & Pispot,penyerap & Liner Popok
"Ibu, Bayi & Mainan",Popok & Pispot,Tisu Basah
"Ibu, Bayi & Mainan",Popok & Pispot,Krim & Salep Bayi
"Ibu, Bayi & Mainan",Popok & Pispot,Toilet Training
"Ibu, Bayi & Mainan",Popok & Pispot,Bantalan & Tatakan
"Ibu, Bayi & Mainan",Perawatan Bayi,Perawatan Kulit
"Ibu, Bayi & Mainan",Perawatan Bayi,Perawatan Rambut
"Ibu, Bayi & Mainan",Perawatan Bayi,Perawatan Mulut
"Ibu, Bayi & Mainan",Perawatan Bayi,Sabun & Pembersih Bayi
"Ibu, Bayi & Mainan",Perawatan Bayi,Tempat Duduk & Bak Mandi
"Ibu, Bayi & Mainan",Perawatan Bayi,Handuk & Lap Mandi Bayi
"Ibu, Bayi & Mainan",Perawatan Bayi,Perlengkapan Lainnya
"Ibu, Bayi & Mainan",Perlengkapan Bayi,Tas Bayi & Diaper Bag
"Ibu, Bayi & Mainan",Perlengkapan Bayi,Kereta Dorong Bayi
"Ibu, Bayi & Mainan",Perlengkapan Bayi,Gendongan Bayi
"Ibu, Bayi & Mainan",Perlengkapan Bayi,Car Seat
"Ibu, Bayi & Mainan",Perlengkapan Bayi,Baby Walker
"Ibu, Bayi & Mainan",Perlengkapan Bayi,Botol Susu & Dot Bayi
"Ibu, Bayi & Mainan",Pakaian & Aksesoris,Body Suits
"Ibu, Bayi & Mainan",Pakaian & Aksesoris,Pakaian Bayi&Anak Perempuan
"Ibu, Bayi & Mainan",Pakaian & Aksesoris,Sepatu Bayi&Anak Perempuan
"Ibu, Bayi & Mainan",Pakaian & Aksesoris,Aksesoris Bayi&Anak Perempuan
"Ibu, Bayi & Mainan",Pakaian & Aksesoris,Pakaian Bayi&Anak Laki-Laki
"Ibu, Bayi & Mainan",Pakaian & Aksesoris,Sepatu Bayi Laki-Laki
"Ibu, Bayi & Mainan",Pakaian & Aksesoris,Aksesoris Bayi&Anak Laki-Laki
"Ibu, Bayi & Mainan",Mainan,Action Figure
"Ibu, Bayi & Mainan",Mainan,Remote Kontrol
"Ibu, Bayi & Mainan",Mainan,Mainan Baterai
"Ibu, Bayi & Mainan",Mainan,Mainan Anak Perempuan
"Ibu, Bayi & Mainan",Mainan,Mainan Anak Laki-Laki
"Ibu, Bayi & Mainan",Mainan,Edukasi
"Ibu, Bayi & Mainan",Mainan,Game
"Ibu, Bayi & Mainan",Perlengkapan Ibu,Dress Hamil
"Ibu, Bayi & Mainan",Perlengkapan Ibu,Baju Atasan Hamil
"Ibu, Bayi & Mainan",Perlengkapan Ibu,Celana Hamil
"Ibu, Bayi & Mainan",Perlengkapan Ibu,Bra Menyusui
"Ibu, Bayi & Mainan",Perlengkapan Ibu,Pompa Asi
"Ibu, Bayi & Mainan",Perlengkapan Ibu,Pakaian Dalam
"Ibu, Bayi & Mainan",Perlengkapan Ibu,Nutrisi Untuk Ibu
Makanan & Minuman,Makanan,Makanan Beku
Makanan & Minuman,Makanan,Makanan Instan
Makanan & Minuman,Makanan,Makanan Kaleng
Makanan & Minuman,Makanan,Makanan Organik
Makanan & Minuman,Makanan,Makanan Segar
Makanan & Minuman,Minuman,Jus
Makanan & Minuman,Minuman,Aneka Kopi
Makanan & Minuman,Minuman,Minuman Bersoda
Makanan & Minuman,Minuman,Minuman Stamina
Makanan & Minuman,Minuman,Sirup & Madu
Makanan & Minuman,Minuman,Susu
Makanan & Minuman,Minuman,Teh
Makanan & Minuman,Camilan,Permen & Coklat
Makanan & Minuman,Camilan,Produk Olahan Susu
Makanan & Minuman,Camilan,"Roti, Sereal & Selai"
Makanan & Minuman,Camilan,Biskuit & Snack
Makanan & Minuman,Camilan,Cake & Kue Kering
Makanan & Minuman,Camilan,Aneka Kacang
Makanan & Minuman,Bahan Masakan & Kue,"Bahan Kue, Roti & Agar-agar"
Makanan & Minuman,Bahan Masakan & Kue,Aneka Beras
Makanan & Minuman,Bahan Masakan & Kue,Bumbu Masak
Makanan & Minuman,Bahan Masakan & Kue,Minyak Masakan
Makanan & Minuman,Hasil Segar,Sayur Segar
Makanan & Minuman,Hasil Segar,Buah Segar
Makanan & Minuman,Hasil Segar,Eskrim
Makanan & Minuman,Hasil Segar,Olahan Beku
Makanan & Minuman,Sembako,Gula pasir
Makanan & Minuman,Sembako,Minyak goreng dan mentega
Makanan & Minuman,Sembako,Daging sapi dan ayam
Makanan & Minuman,Sembako,Telur ayam
Makanan & Minuman,Sembako,Olahan Bahan Jagung
Makanan & Minuman,Sembako,Garam
Makanan & Minuman,Sajian Nusantara,Aneka Makanan
Makanan & Minuman,Sajian Nusantara,Aneka Minuman
Makanan & Minuman,Sajian Nusantara,Aneka Sambal
Hobi,Olahraga,Perlengkapan Gym & Fitness
Hobi,Olahraga,Perlengkapan Badminton
Hobi,Olahraga,Perlengkapan Tenis
Hobi,Olahraga,Perlengkapan Basket & Sepakbola
Hobi,Olahraga,Perlengkapan Tenis Meja
Hobi,Olahraga,Perlengkapan Renang
Hobi,Olahraga,Olahraga rekreasi
Hobi,Camping & Hiking,Tenda
Hobi,Camping & Hiking,Tas Hiking
Hobi,Camping & Hiking,Lampu Penerangan
Hobi,Camping & Hiking,Alat Tidur Camping
Hobi,Camping & Hiking,alat dapur camping
Hobi,Camping & Hiking,pisau & alat multifungsi
Hobi,Camping & Hiking,Perlengkapan Lainnya
Hobi,Seni Bela Diri,Sarung Tangan Tinju
Hobi,Seni Bela Diri,Peralatan Tinju
Hobi,Seni Bela Diri,Sasaran Tinju
Hobi,Seni Bela Diri,Seragam Bela Diri
Hobi,Seni Bela Diri,samsak & aksesoris
Hobi,Seni Bela Diri,Peralatan Bela Diri
Hobi,Seni Bela Diri,Alat Pelindung
Hobi,Musik & Buku,Buku Pelajaran
Hobi,Musik & Buku,Buku Lokal
Hobi,Musik & Buku,Buku pengetahuan
Hobi,Musik & Buku,Gitar
Hobi,Musik & Buku,Keyboard & Piano
Hobi,Musik & Buku,Instrument Musik Lainnya
Hobi,Olahraga Sepeda,Sepeda
Hobi,Olahraga Sepeda,Komponen & Parts Sepeda
Hobi,Olahraga Sepeda,aksesoris Sepeda
Hobi,Olahraga Sepeda,Performance tracker Sepeda
Hobi,Olahraga Sepeda,Helm & Keselamatan
Hobi,Memancing,Tongkat Pancing
Hobi,Memancing,Alat Gulung Pancing
Hobi,Memancing,alat set pancingan
Hobi,Memancing,umpan & kail
Hobi,Memancing,senar pancingan
Hobi,Memancing,jaring menangkap ikan
Hobi,Memancing,aksesoris & perlengkapan memancing
Hobi,Automotive,Sepeda Motor
Hobi,Automotive,Perlengkapan Motor
Hobi,Automotive,aksesoris motor
Hobi,Automotive,perawatan Motor
Hobi,Automotive,Perlengkapan Mobil
Hobi,Automotive,aksesoris mobil
Hobi,Automotive,perawatan Mobil
Digital Product (E-Voucher),Pulsa & Data,Simpati
Digital Product (E-Voucher),Pulsa & Data,XL
Digital Product (E-Voucher),Pulsa & Data,Telkomsel
Digital Product (E-Voucher),Pulsa & Data,Indosat
Digital Product (E-Voucher),Pulsa & Data,Smartfren
Digital Product (E-Voucher),Pulsa & Data,Tri
Digital Product (E-Voucher),Multi Biller,Listrik
Digital Product (E-Voucher),Multi Biller,Air
Digital Product (E-Voucher),Multi Biller,Pinjaman
Digital Product (E-Voucher),Multi Biller,BPJS
Digital Product (E-Voucher),Taman Hiburan,Dufan
Digital Product (E-Voucher),Taman Hiburan,Atlantis Water adventure
Digital Product (E-Voucher),Taman Hiburan,aqua fun
Digital Product (E-Voucher),Taman Hiburan,Snowbay waterpark
Digital Product (E-Voucher),Taman Hiburan,Seaworld
Digital Product (E-Voucher),Taman Hiburan,jungle land
Digital Product (E-Voucher),Taman Hiburan,Taman Legenda keong Mas
Digital Product (E-Voucher),Perjalanan,Tiket Pesawat
Digital Product (E-Voucher),Perjalanan,Tiket Kereta Api
Digital Product (E-Voucher),Perjalanan,Tiket Bus
Digital Product (E-Voucher),"Spa, Beuty & Health",Kokuo Family Massage & Reflexology
Digital Product (E-Voucher),"Spa, Beuty & Health",eazy spa deals
Digital Product (E-Voucher),"Spa, Beuty & Health",eva beauty
Digital Product (E-Voucher),"Spa, Beuty & Health",Voucher Perawatan Wajah
Digital Product (E-Voucher),"Spa, Beuty & Health",Voucher Perawatan Gigi
Digital Product (E-Voucher),"Spa, Beuty & Health",Voucher Salon & Spa
Digital Product (E-Voucher),"Spa, Beuty & Health",Voucher Perawatan Tubuh
Digital Product (E-Voucher),Evoucer Games,kode voucher google play
Digital Product (E-Voucher),Evoucer Games,garena
Digital Product (E-Voucher),Evoucer Games,psn money voucher
Digital Product (E-Voucher),Evoucer Games,ps plus membership
Digital Product (E-Voucher),Evoucer Games,nintendo eshop
Digital Product (E-Voucher),Evoucer Games,megasus
Digital Product (E-Voucher),Evoucer Games,gemscool
Digital Product (E-Voucher),Tempat Penginapan,Hotel Lokal
Digital Product (E-Voucher),Tempat Penginapan,Hotel Internasional
Digital Product (E-Voucher),Tempat Penginapan,Wisma
Digital Product (E-Voucher),Tempat Penginapan,Villa
Gadget & Computer,Mobile Seluler & Aksesoris,Handphone
Gadget & Computer,Mobile Seluler & Aksesoris,Tablet
Gadget & Computer,Mobile Seluler & Aksesoris,aksesoris Handphone
Gadget & Computer,Mobile Seluler & Aksesoris,Powerbank
Gadget & Computer,Mobile Seluler & Aksesoris,Memory Card
Gadget & Computer,Mobile Seluler & Aksesoris,Kabel Charger
Gadget & Computer,Audio,Speaker Bluetooth
Gadget & Computer,Audio,Aktif speaker
Gadget & Computer,Audio,earphone
Gadget & Computer,Audio,headset
Gadget & Computer,Audio,Perlengkapan Audio
Gadget & Computer,Wearable,Smart watch
Gadget & Computer,Wearable,smartglasses
Gadget & Computer,Wearable,aktivity tracker & pedometer
Gadget & Computer,Wearable,aksesoris Wearable
Gadget & Computer,Wearable,wearable lainnya
Gadget & Computer,Penyimpanan & Printer,Harddisk Eksternal
Gadget & Computer,Penyimpanan & Printer,Internal & Eksternal SSD
Gadget & Computer,Penyimpanan & Printer,Flash Drive
Gadget & Computer,Penyimpanan & Printer,OTG Drive
Gadget & Computer,Penyimpanan & Printer,Printer
Gadget & Computer,Penyimpanan & Printer,Tinta Printer
Gadget & Computer,Penyimpanan & Printer,Perlengkapan Lainnya
Gadget & Computer,Komputer & Aksesoris,Laptop
Gadget & Computer,Komputer & Aksesoris,Monitor Komputer
Gadget & Computer,Komputer & Aksesoris,Desktop PC
Gadget & Computer,Komputer & Aksesoris,Ultrabook
Gadget & Computer,Komputer & Aksesoris,Mouse
Gadget & Computer,Komputer & Aksesoris,Keyboard
Gadget & Computer,Komputer & Aksesoris,Aksesoris Komputer Lainnya
Gadget & Computer,Console & Accessories,Playstation
Gadget & Computer,Console & Accessories,Nintendo
Gadget & Computer,Console & Accessories,Xbox
Gadget & Computer,Console & Accessories,Perlengkapan Playstation
Gadget & Computer,Console & Accessories,Perlengkapan Nintendo
Gadget & Computer,Console & Accessories,Perlengkapan Xbox
Gadget & Computer,Kamera & Aksesoris,Kamera DSLR
Gadget & Computer,Kamera & Aksesoris,Kamera Mirrorless
Gadget & Computer,Kamera & Aksesoris,Kamera Pocker
Gadget & Computer,Kamera & Aksesoris,Kamera Instant
Gadget & Computer,Kamera & Aksesoris,Perlengkapan Kamera
Gadget & Computer,Kamera & Aksesoris,Aksesoris Kamera
Gadget & Computer,Kamera & Aksesoris,CCTV
Elektronik,Elektronik kecantikan,Perlengkapan Bercukur
Elektronik,Elektronik kecantikan,Alat Pencukur
Elektronik,Elektronik kecantikan,Hair Clipper
Elektronik,Elektronik kecantikan,Perangkat Kecantikan Lainnya
Elektronik,Elektronik kecantikan,Alat Pelurus Rambut
Elektronik,Elektronik kecantikan,Alat Pengeriting Rambut
Elektronik,Elektronik kecantikan,Alat Pengering Rambut
Elektronik,Elektronik Dapur,Microwave & Oven
Elektronik,Elektronik Dapur,Coffee Maker
Elektronik,Elektronik Dapur,Kompor Listrik & Gas
Elektronik,Elektronik Dapur,Mixer
Elektronik,Elektronik Dapur,Ketel Listrik
Elektronik,Elektronik Dapur,Blender & Juicer
Elektronik,Elektronik Dapur,Oven Toaster
Elektronik,Elektronik Rumah Tangga,Setrika - Iron
Elektronik,Elektronik Rumah Tangga,Penyaring Air
Elektronik,Elektronik Rumah Tangga,Dispenser
Elektronik,Elektronik Rumah Tangga,Aksesoris Pengontrol Hama
Elektronik,Elektronik Rumah Tangga,Pengontrol Hama
Elektronik,Elektronik Rumah Tangga,Timbangan
Elektronik,Elektronik Rumah Tangga,Mesin Jahit
Elektronik,TV & Audio,TV LED
Elektronik,TV & Audio,DVD Player
Elektronik,TV & Audio,Media Player
Elektronik,TV & Audio,Perlengkapan TV
Elektronik,TV & Audio,Player Portable
Elektronik,TV & Audio,Sistem Karaoke & Hifi
Elektronik,TV & Audio,Perlengkapan Audio
Elektronik,Pendingin & Kulkas,Kulkas 1 Pintu
Elektronik,Pendingin & Kulkas,Kulkas 2 Pintu
Elektronik,Pendingin & Kulkas,Showcase
Elektronik,Pendingin & Kulkas,Freezer
Elektronik,Pendingin & Kulkas,Aksesoris Kulkas
Elektronik,Pendingin Udara,Perangkat Kualitas Udara
Elektronik,Pendingin Udara,Perangkat Penyejuk
Elektronik,Pendingin Udara,Penghisap Udara
Elektronik,Pendingin Udara,Kipas Angin
Elektronik,Pendingin Udara,Air Conditioner
Elektronik,Mesin Cuci,Mesin Cuci Pengering Pakaian
Elektronik,Mesin Cuci,Pengering Pakaian Elektrik
Elektronik,Mesin Cuci,Aksesoris Mesin Cuci
Elektronik,Mesin Cuci,Mesin Cuci 2 Tabung
Elektronik,Mesin Cuci,Mesin Cuci Top Load
Elektronik,Mesin Cuci,Mesin Cuci Front Load
